Dose,nob,litter,Dam ID,NCL,implant NO,Dead,left,Fetus No,Sex,Wt1,Wt,Mal
0,1,1,60,8,1,0,1,1,F,0.903,0.903,0
0,2,1,60,8,2,1,1,2,N,0.81,0.81,0
0,3,1,60,8,3,0,1,3,F,0.828,0.828,0
0,4,1,60,8,4,0,1,4,F,0.953,0.953,0
0,5,1,60,8,5,0,1,,,,0,0
0,6,1,60,8,6,0,0,5,F,0.954,0.954,0
0,7,1,60,8,7,0,0,6,M,1.07,1.07,0
0,8,1,60,8,8,0,0,7,M,1.065,1.065,0
0,9,1,60,8,9,0,0,8,M,0.959,0.959,0
0,10,2,61,15,1,0,1,1,F,1.025,1.025,0
0,11,2,61,15,2,0,1,2,M,1.006,1.006,0
0,12,2,61,15,3,0,1,3,M,1.069,1.069,0
0,13,2,61,15,4,0,1,4,F,0.825,0.825,0
0,14,2,61,15,5,0,1,5,F,1.013,1.013,0
0,15,2,61,15,6,0,1,6,F,0.994,0.994,0
0,16,2,61,15,7,0,1,7,M,1.059,1.059,0
0,17,2,61,15,8,0,0,8,M,1.041,1.041,0
0,18,2,61,15,9,0,0,9,M,1.02,1.02,0
0,19,2,61,15,10,0,0,10,M,1.041,1.041,0
0,20,2,61,15,11,0,0,11,M,0.911,0.911,0
0,21,2,61,15,12,0,0,,,,0,0
0,22,2,61,15,13,0,0,12,F,0.988,0.988,0
0,23,2,61,15,14,0,0,13,F,0.947,0.947,0
0,24,2,61,15,15,0,0,14,M,0.976,0.976,0
0,25,3,68,14,1,0,1,1,F,1.058,1.058,0
0,26,3,68,14,2,0,1,2,F,0.95,0.95,1
0,27,3,68,14,3,0,1,3,F,0.86,0.86,0
0,28,3,68,14,4,0,1,4,F,1.015,1.015,0
0,29,3,68,14,5,0,1,5,F,0.907,0.907,0
0,30,3,68,14,6,0,1,6,F,0.856,0.856,0
0,31,3,68,14,7,0,0,7,M,1.075,1.075,0
0,32,3,68,14,8,0,0,8,F,0.958,0.958,0
0,33,3,68,14,9,0,0,9,M,1.082,1.082,0
0,34,3,68,14,10,0,0,10,F,0.916,0.916,0
0,35,3,68,14,11,0,0,11,M,1.054,1.054,0
0,36,3,68,14,12,0,0,12,M,0.921,0.921,0
0,37,3,68,14,13,0,0,13,F,0.874,0.874,0
0,38,4,69,14,1,0,1,1,F,0.999,0.999,0
0,39,4,69,14,2,0,1,,,,0,0
0,40,4,69,14,3,0,1,2,F,0.95,0.95,0
0,41,4,69,14,4,0,1,3,M,1.065,1.065,0
0,42,4,69,14,5,0,1,4,M,0.944,0.944,0
0,43,4,69,14,6,0,0,5,F,0.949,0.949,0
0,44,4,69,14,7,0,0,6,F,1.044,1.044,0
0,45,4,69,14,8,0,0,7,F,1.025,1.025,0
0,46,4,69,14,9,0,0,8,F,0.987,0.987,0
0,47,4,69,14,10,0,0,9,F,0.879,0.879,1
0,48,4,69,14,11,0,0,10,F,0.908,0.908,0
0,49,5,76,17,1,0,1,1,F,1.071,1.071,1
0,50,5,76,17,2,0,1,2,M,1.056,1.056,0
0,51,5,76,17,3,0,1,3,M,1.084,1.084,0
0,52,5,76,17,4,0,1,4,F,0.851,0.851,0
0,53,5,76,17,5,0,1,5,F,0.925,0.925,0
0,54,5,76,17,6,0,1,6,F,0.832,0.832,0
0,55,5,76,17,7,0,1,7,F,0.979,0.979,0
0,56,5,76,17,8,0,1,8,M,1.096,1.096,0
0,57,5,76,17,9,0,1,9,F,0.954,0.954,0
0,58,5,76,17,10,0,1,10,F,0.875,0.875,0
0,59,5,76,17,11,0,1,11,M,1.057,1.057,0
0,60,5,76,17,12,0,0,12,F,1.245,1.245,0
0,61,5,76,17,13,0,0,13,M,1.018,1.018,0
0,62,5,76,17,14,0,0,14,M,1.123,1.123,0
0,63,5,76,17,15,0,0,15,M,1.03,1.03,0
0,64,5,76,17,16,0,0,16,F,0.968,0.968,0
0,65,6,77,14,1,0,1,1,M,0.852,0.852,0
0,66,6,77,14,2,0,1,2,F,0.94,0.94,0
0,67,6,77,14,3,0,1,3,M,0.905,0.905,0
0,68,6,77,14,4,1,1,4,N,0.398,0.398,0
0,69,6,77,14,5,0,1,5,M,0.787,0.787,0
0,70,6,77,14,6,0,0,6,F,0.918,0.918,0
0,71,6,77,14,7,0,0,7,F,0.745,0.745,1
0,72,6,77,14,8,0,0,8,F,0.907,0.907,0
0,73,6,77,14,9,0,0,,,,0,0
0,74,6,77,14,10,0,0,9,M,0.818,0.818,0
0,75,6,77,14,11,0,0,10,F,0.896,0.896,0
0,76,6,77,14,12,0,0,11,F,0.858,0.858,0
0,77,6,77,14,13,0,0,12,M,0.935,0.935,0
0,78,6,77,14,14,0,0,13,F,0.669,0.669,0
0,79,6,77,14,15,0,0,14,M,0.93,0.93,0
0,80,6,77,14,16,0,0,15,M,0.89,0.89,0
0,81,7,84,14,1,0,1,1,F,0.983,0.983,0
0,82,7,84,14,2,0,1,,,,0,0
0,83,7,84,14,3,0,1,2,F,0.974,0.974,0
0,84,7,84,14,4,0,1,3,F,1.005,1.005,0
0,85,7,84,14,5,0,1,4,F,0.897,0.897,0
0,86,7,84,14,6,1,1,5,N,0.546,0.546,0
0,87,7,84,14,7,0,0,6,M,1.11,1.11,0
0,88,7,84,14,8,0,0,7,M,1.035,1.035,0
0,89,7,84,14,9,0,0,8,F,0.997,0.997,0
0,90,7,84,14,10,0,0,9,M,1.059,1.059,0
0,91,7,84,14,11,0,0,,,,0,0
0,92,7,84,14,12,0,0,10,F,1.067,1.067,0
0,93,7,84,14,13,0,0,11,F,0.911,0.911,0
0,94,8,85,14,1,0,1,1,F,1.122,1.122,0
0,95,8,85,14,2,0,1,2,F,1.134,1.134,0
0,96,8,85,14,3,0,1,3,M,1.117,1.117,0
0,97,8,85,14,4,0,1,4,F,0.999,0.999,0
0,98,8,85,14,5,0,1,5,M,1.2,1.2,0
0,99,8,85,14,6,0,1,6,M,1.154,1.154,0
0,100,8,85,14,7,0,1,7,M,1.077,1.077,0
0,101,8,85,14,8,0,1,8,F,0.98,0.98,0
0,102,8,85,14,9,0,0,9,F,0.989,0.989,0
0,103,8,85,14,10,0,0,10,M,1.161,1.161,0
0,104,8,85,14,11,0,0,11,M,1.101,1.101,0
0,105,8,85,14,12,0,0,12,F,1.153,1.153,0
0,106,9,93,14,1,0,1,1,F,1.051,1.051,0
0,107,9,93,14,2,0,1,2,M,1.082,1.082,0
0,108,9,93,14,3,0,1,3,F,1.062,1.062,0
0,109,9,93,14,4,0,1,4,F,0.955,0.955,0
0,110,9,93,14,5,0,1,5,M,1.095,1.095,0
0,111,9,93,14,6,0,0,6,F,0.994,0.994,0
0,112,9,93,14,7,0,0,7,M,1.093,1.093,0
0,113,9,93,14,8,0,0,8,M,1.002,1.002,0
0,114,9,93,14,9,0,0,9,M,1.038,1.038,0
0,115,9,93,14,10,0,0,10,M,1.084,1.084,0
0,116,9,93,14,11,0,0,11,F,1.026,1.026,0
0,117,10,100,11,1,0,1,,,,0,0
0,118,10,100,11,2,0,0,1,M,0.975,0.975,0
0,119,10,100,11,3,0,0,2,F,1.11,1.11,0
0,120,10,100,11,4,0,0,3,F,1.12,1.12,0
0,121,10,100,11,5,0,0,4,M,1.17,1.17,0
0,122,10,100,11,6,0,0,5,F,1.13,1.13,0
0,123,10,100,11,7,0,0,6,F,1.07,1.07,0
0,124,10,100,11,8,0,0,7,M,1.1,1.1,0
0,125,10,100,11,9,0,0,8,F,1.02,1.02,0
0,126,11,101,13,1,1,1,1,N,0.66,0.66,0
0,127,11,101,13,2,0,1,2,F,1.19,1.19,0
0,128,11,101,13,3,0,1,3,M,1.04,1.04,0
0,129,11,101,13,4,0,0,,,,0,0
0,130,11,101,13,5,0,0,4,F,0.821,0.821,0
0,131,11,101,13,6,0,0,,,,0,0
0,132,11,101,13,7,0,0,5,F,1.07,1.07,0
0,133,11,101,13,8,0,0,6,F,0.665,0.665,0
0,134,11,101,13,9,0,0,7,M,1.12,1.12,0
0,135,11,101,13,10,0,0,,,,0,0
0,136,11,101,13,11,0,0,,,,0,0
0,137,12,106,18,1,0,1,1,F,1.044,1.044,0
0,138,12,106,18,2,0,1,2,F,0.933,0.933,0
0,139,12,106,18,3,0,1,3,F,0.978,0.978,0
0,140,12,106,18,4,0,1,4,F,0.981,0.981,0
0,141,12,106,18,5,0,1,5,F,0.958,0.958,1
0,142,12,106,18,6,0,1,6,F,1.005,1.005,0
0,143,12,106,18,7,0,1,7,M,1.053,1.053,0
0,144,12,106,18,8,0,1,8,M,1.059,1.059,0
0,145,12,106,18,9,0,1,9,M,0.917,0.917,0
0,146,12,106,18,10,0,1,10,M,1.079,1.079,0
0,147,12,106,18,11,0,0,11,F,1.077,1.077,1
0,148,12,106,18,12,0,0,12,F,1.06,1.06,0
0,149,12,106,18,13,0,0,13,F,1.031,1.031,0
0,150,12,106,18,14,0,0,14,M,1.006,1.006,0
0,151,12,106,18,15,0,0,15,F,1.007,1.007,0
0,152,13,107,15,1,0,1,1,M,0.96,0.96,0
0,153,13,107,15,2,0,1,2,M,0.844,0.844,0
0,154,13,107,15,3,0,1,3,F,0.833,0.833,0
0,155,13,107,15,4,0,0,4,F,0.87,0.87,0
0,156,13,107,15,5,0,0,5,M,0.887,0.887,0
0,157,13,107,15,6,0,0,6,F,0.835,0.835,0
0,158,13,107,15,7,0,0,7,F,0.716,0.716,0
0,159,13,107,15,8,0,0,8,M,0.964,0.964,0
0,160,13,107,15,9,0,0,9,M,0.933,0.933,0
0,161,13,107,15,10,0,0,10,M,0.753,0.753,0
0,162,13,107,15,11,0,0,11,M,0.803,0.803,0
0,163,13,107,15,12,0,0,12,F,0.742,0.742,0
0,164,14,114,13,1,0,1,1,F,0.885,0.885,0
0,165,14,114,13,2,0,1,2,M,0.903,0.903,0
0,166,14,114,13,3,0,1,3,F,0.815,0.815,0
0,167,14,114,13,4,0,1,4,M,0.937,0.937,0
0,168,14,114,13,5,0,1,5,F,0.936,0.936,0
0,169,14,114,13,6,0,1,6,M,0.984,0.984,0
0,170,14,114,13,7,0,1,,,,0,0
0,171,14,114,13,8,0,1,7,M,0.835,0.835,0
0,172,14,114,13,9,0,1,8,M,0.954,0.954,0
0,173,14,114,13,10,0,0,9,F,0.89,0.89,0
0,174,14,114,13,11,0,0,10,F,0.93,0.93,0
0,175,14,114,13,12,0,0,,,,0,0
0,176,14,114,13,13,0,0,11,M,0.924,0.924,0
0,177,14,114,13,14,0,0,12,F,0.873,0.873,0
0,178,15,115,14,1,0,1,1,F,1.045,1.045,1
0,179,15,115,14,2,0,1,,,,0,0
0,180,15,115,14,3,0,1,2,M,1.087,1.087,0
0,181,15,115,14,4,0,1,3,M,1.021,1.021,0
0,182,15,115,14,5,0,1,4,M,0.999,0.999,0
0,183,15,115,14,6,0,1,5,F,0.908,0.908,0
0,184,15,115,14,7,0,0,6,F,1.027,1.027,0
0,185,15,115,14,8,0,0,7,F,1.041,1.041,0
0,186,15,115,14,9,0,0,8,F,0.968,0.968,0
0,187,15,115,14,10,0,0,9,M,0.971,0.971,0
0,188,15,115,14,11,0,0,10,F,1.029,1.029,0
0,189,15,115,14,12,0,0,,,,0,0
0,190,15,115,14,13,0,0,11,F,0.923,0.923,0
0,191,15,115,14,14,0,0,12,M,0.944,0.944,0
0,192,15,115,14,15,0,0,13,M,0.953,0.953,0
0,193,16,122,10,1,0,1,1,M,1.032,1.032,0
0,194,16,122,10,2,0,1,,,,0,0
0,195,16,122,10,3,0,1,2,M,1.045,1.045,0
0,196,16,122,10,4,0,1,3,M,0.967,0.967,0
0,197,16,122,10,5,0,1,4,M,1.065,1.065,0
0,198,16,122,10,6,0,1,5,M,0.981,0.981,0
0,199,16,122,10,7,0,0,6,F,0.964,0.964,0
0,200,16,122,10,8,0,0,7,M,1.08,1.08,0
0,201,16,122,10,9,0,0,8,M,1.1,1.1,0
0,202,16,122,10,10,0,0,9,F,0.994,0.994,0
0,203,16,122,10,11,0,0,10,F,0.949,0.949,0
0,204,17,123,15,1,0,1,,,,0,0
0,205,17,123,15,2,0,1,1,F,1.08,1.08,0
0,206,17,123,15,3,0,1,2,M,1.081,1.081,0
0,207,17,123,15,4,0,1,3,F,1.012,1.012,0
0,208,17,123,15,5,0,1,4,F,0.856,0.856,0
0,209,17,123,15,6,0,1,5,F,0.915,0.915,1
0,210,17,123,15,7,0,0,,,,0,0
0,211,17,123,15,8,0,0,6,F,0.952,0.952,0
0,212,17,123,15,9,0,0,,,,0,0
0,213,17,123,15,10,0,0,,,,0,0
0,214,17,123,15,11,0,0,7,F,0.983,0.983,0
0,215,17,123,15,12,0,0,,,,0,0
0,216,17,123,15,13,0,0,8,M,0.872,0.872,0
0,217,17,123,15,14,0,0,9,F,0.95,0.95,0
0,218,17,123,15,15,0,0,10,F,0.939,0.939,0
0,219,18,130,12,1,0,1,1,M,1.014,1.014,0
0,220,18,130,12,2,0,1,2,F,0.907,0.907,0
0,221,18,130,12,3,1,1,3,N,0.608,0.608,0
0,222,18,130,12,4,0,1,4,F,0.841,0.841,0
0,223,18,130,12,5,0,1,5,F,0.892,0.892,0
0,224,18,130,12,6,0,1,6,F,0.868,0.868,0
0,225,18,130,12,7,0,1,7,F,0.837,0.837,0
0,226,18,130,12,8,0,1,8,M,0.931,0.931,0
0,227,18,130,12,9,0,1,9,F,0.871,0.871,0
0,228,18,130,12,10,0,0,10,M,0.901,0.901,0
0,229,18,130,12,11,0,0,11,F,0.987,0.987,1
0,230,18,130,12,12,0,0,12,M,0.986,0.986,1
0,231,19,131,12,1,0,1,1,F,0.933,0.933,0
0,232,19,131,12,2,0,1,2,F,0.935,0.935,0
0,233,19,131,12,3,0,1,3,M,1.033,1.033,0
0,234,19,131,12,4,0,1,4,M,1.081,1.081,0
0,235,19,131,12,5,0,1,5,F,0.773,0.773,1
0,236,19,131,12,6,0,1,6,M,1.054,1.054,0
0,237,19,131,12,7,0,0,7,F,0.946,0.946,0
0,238,19,131,12,8,0,0,8,M,0.994,0.994,1
0,239,19,131,12,9,0,0,9,F,0.724,0.724,0
0,240,19,131,12,10,0,0,10,F,0.883,0.883,0
0,241,19,131,12,11,0,0,11,M,1.047,1.047,0
0,242,19,131,12,12,0,0,12,F,0.951,0.951,0
0,243,19,131,12,13,0,0,,,,0,0
0,244,20,138,13,1,0,1,1,M,0.806,0.806,0
0,245,20,138,13,2,0,1,2,F,0.858,0.858,0
0,246,20,138,13,3,0,1,3,F,0.815,0.815,0
0,247,20,138,13,4,0,1,4,M,0.914,0.914,0
0,248,20,138,13,5,0,1,5,F,0.841,0.841,0
0,249,20,138,13,6,0,1,6,F,0.866,0.866,0
0,250,20,138,13,7,0,1,7,F,0.792,0.792,0
0,251,20,138,13,8,0,1,8,F,0.773,0.773,0
0,252,20,138,13,9,0,0,9,M,0.882,0.882,0
0,253,20,138,13,10,0,0,10,F,0.887,0.887,1
0,254,20,138,13,11,0,0,11,M,0.847,0.847,0
0,255,20,138,13,12,0,0,12,M,1.035,1.035,0
0,256,20,138,13,13,0,0,13,F,0.918,0.918,0
0,257,21,139,16,1,1,1,1,N,0.392,0.392,0
0,258,21,139,16,2,0,1,2,F,0.886,0.886,0
0,259,21,139,16,3,0,1,3,F,0.923,0.923,0
0,260,21,139,16,4,0,1,4,M,1.027,1.027,0
0,261,21,139,16,5,0,1,5,M,0.991,0.991,0
0,262,21,139,16,6,0,1,,,,0,0
0,263,21,139,16,7,0,1,6,M,0.909,0.909,0
0,264,21,139,16,8,0,1,7,M,1.061,1.061,0
0,265,21,139,16,9,0,0,8,F,1.054,1.054,0
0,266,21,139,16,10,0,0,9,M,1.018,1.018,0
0,267,21,139,16,11,0,0,10,M,1.029,1.029,0
0,268,21,139,16,12,0,0,11,M,1.1,1.1,0
0,269,21,139,16,13,0,0,12,F,0.932,0.932,0
0,270,21,139,16,14,0,0,13,M,0.886,0.886,0
0,271,21,139,16,15,0,0,14,M,1.024,1.024,0
0,272,21,139,16,16,0,0,15,F,0.93,0.93,0
0,273,22,146,16,1,0,1,1,M,1.025,1.025,0
0,274,22,146,16,2,0,1,2,F,1.014,1.014,0
0,275,22,146,16,3,0,1,,,,0,0
0,276,22,146,16,4,0,1,3,F,0.954,0.954,0
0,277,22,146,16,5,0,1,4,M,1.081,1.081,0
0,278,22,146,16,6,0,1,5,F,0.967,0.967,0
0,279,22,146,16,7,0,1,6,F,0.912,0.912,0
0,280,22,146,16,8,0,0,,,,0,0
0,281,22,146,16,9,0,0,7,M,1.03,1.03,0
0,282,22,146,16,10,0,0,8,M,0.871,0.871,1
0,283,22,146,16,11,0,0,9,M,0.94,0.94,0
0,284,22,146,16,12,0,0,10,F,0.996,0.996,0
0,285,22,146,16,13,0,0,11,M,1.028,1.028,0
0,286,22,146,16,14,0,0,12,M,0.794,0.794,0
0,287,22,146,16,15,0,0,13,M,0.879,0.879,0
0,288,23,147,15,1,0,1,1,F,1.058,1.058,0
0,289,23,147,15,2,0,1,2,F,1.1,1.1,0
0,290,23,147,15,3,0,1,3,F,1.121,1.121,0
0,291,23,147,15,4,0,1,4,F,1.093,1.093,0
0,292,23,147,15,5,0,1,,,,0,0
0,293,23,147,15,6,0,1,5,M,1.017,1.017,0
0,294,23,147,15,7,0,1,,,,0,0
0,295,23,147,15,8,0,0,6,M,1.058,1.058,0
0,296,23,147,15,9,0,0,7,F,1.09,1.09,0
0,297,23,147,15,10,0,0,8,F,1.052,1.052,0
0,298,23,147,15,11,0,0,9,M,1.046,1.046,0
0,299,23,147,15,12,0,0,10,M,1.103,1.103,0
0,300,23,147,15,13,0,0,11,F,1.026,1.026,0
0,301,23,147,15,14,0,0,12,F,1.076,1.076,0
0,302,23,147,15,15,0,0,13,M,1.095,1.095,0
0,303,24,153,15,1,0,1,1,F,1.037,1.037,0
0,304,24,153,15,2,0,1,,,,0,0
0,305,24,153,15,3,0,1,2,M,0.987,0.987,0
0,306,24,153,15,4,0,1,3,F,1.025,1.025,0
0,307,24,153,15,5,0,1,4,M,0.967,0.967,0
0,308,24,153,15,6,0,0,5,F,0.785,0.785,0
0,309,24,153,15,7,1,0,6,M,0.303,0.303,0
0,310,24,153,15,8,0,0,7,M,0.861,0.861,0
0,311,24,153,15,9,0,0,8,F,0.893,0.893,0
0,312,24,153,15,10,0,0,,,,0,0
0,313,24,153,15,11,0,0,9,M,0.941,0.941,0
0,314,24,153,15,12,0,0,10,F,0.762,0.762,0
0,315,24,153,15,13,0,0,11,M,0.976,0.976,0
0,316,24,153,15,14,0,0,12,M,1.019,1.019,1
0,317,24,153,15,15,0,0,13,F,0.889,0.889,0
0,318,24,153,15,16,0,0,14,M,0.938,0.938,0
0,319,24,153,15,17,0,0,15,F,0.961,0.961,0
0,320,25,154,14,1,0,1,1,F,0.999,0.999,0
0,321,25,154,14,2,0,1,2,F,0.88,0.88,0
0,322,25,154,14,3,0,1,3,M,0.971,0.971,0
0,323,25,154,14,4,0,1,4,F,0.924,0.924,0
0,324,25,154,14,5,0,1,5,M,0.939,0.939,0
0,325,25,154,14,6,0,1,6,F,0.966,0.966,0
0,326,25,154,14,7,0,1,7,M,0.981,0.981,0
0,327,25,154,14,8,0,0,8,F,0.974,0.974,0
0,328,25,154,14,9,0,0,9,M,0.965,0.965,0
0,329,25,154,14,10,0,0,10,F,0.938,0.938,0
0,330,25,154,14,11,0,0,11,M,0.903,0.903,0
0,331,25,154,14,12,0,0,12,F,1.094,1.094,0
0,332,25,154,14,13,0,0,13,F,0.867,0.867,0
0,333,25,154,14,14,0,0,14,M,1.007,1.007,0
0.25,334,26,54,11,1,0,1,1,F,0.768,0.768,0
0.25,335,26,54,11,2,0,1,2,M,0.731,0.731,0
0.25,336,26,54,11,3,0,1,3,F,0.716,0.716,0
0.25,337,26,54,11,4,0,1,4,F,0.693,0.693,1
0.25,338,26,54,11,5,0,1,,,,0,0
0.25,339,26,54,11,6,0,1,5,F,0.769,0.769,0
0.25,340,26,54,11,7,0,0,6,F,0.731,0.731,0
0.25,341,26,54,11,8,0,0,7,M,0.791,0.791,0
0.25,342,26,54,11,9,0,0,8,M,0.765,0.765,1
0.25,343,26,54,11,10,0,0,9,M,0.611,0.611,1
0.25,344,26,54,11,11,0,0,10,F,0.745,0.745,0
0.25,345,27,59,17,1,0,1,,N,0.082,0.082,0
0.25,346,27,59,17,2,0,1,1,M,0.747,0.747,0
0.25,347,27,59,17,3,0,1,2,M,0.755,0.755,0
0.25,348,27,59,17,4,0,1,3,F,0.6,0.6,0
0.25,349,27,59,17,5,0,1,4,M,0.796,0.796,0
0.25,350,27,59,17,6,0,1,5,F,0.719,0.719,1
0.25,351,27,59,17,7,0,1,6,F,0.458,0.458,0
0.25,352,27,59,17,8,0,1,7,F,0.599,0.599,1
0.25,353,27,59,17,9,0,1,8,F,0.635,0.635,0
0.25,354,27,59,17,10,0,0,9,M,0.775,0.775,1
0.25,355,27,59,17,11,0,0,10,F,0.66,0.66,0
0.25,356,27,59,17,12,0,0,11,M,0.736,0.736,0
0.25,357,27,59,17,13,0,0,12,F,0.745,0.745,0
0.25,358,27,59,17,14,0,0,13,M,0.732,0.732,0
0.25,359,27,59,17,15,0,0,14,M,0.653,0.653,1
0.25,360,28,62,13,1,0,1,1,M,0.869,0.869,0
0.25,361,28,62,13,2,0,1,2,F,0.834,0.834,1
0.25,362,28,62,13,3,0,1,3,M,0.892,0.892,0
0.25,363,28,62,13,4,0,1,4,M,0.542,0.542,0
0.25,364,28,62,13,5,0,1,5,M,0.94,0.94,0
0.25,365,28,62,13,6,0,0,6,F,0.814,0.814,1
0.25,366,28,62,13,7,0,0,7,F,0.872,0.872,0
0.25,367,28,62,13,8,0,0,8,F,0.772,0.772,0
0.25,368,28,62,13,9,0,0,9,F,0.847,0.847,0
0.25,369,28,62,13,10,0,0,10,M,0.946,0.946,0
0.25,370,28,62,13,11,0,0,11,F,0.742,0.742,0
0.25,371,29,67,14,1,0,1,1,F,0.959,0.959,0
0.25,372,29,67,14,2,0,1,,,,0,0
0.25,373,29,67,14,3,0,1,2,F,0.931,0.931,0
0.25,374,29,67,14,4,0,1,3,F,0.967,0.967,0
0.25,375,29,67,14,5,0,1,4,F,0.851,0.851,0
0.25,376,29,67,14,6,0,1,5,F,1.061,1.061,0
0.25,377,29,67,14,7,0,1,6,F,0.866,0.866,0
0.25,378,29,67,14,8,0,1,7,F,0.838,0.838,0
0.25,379,29,67,14,9,0,1,8,M,0.911,0.911,1
0.25,380,29,67,14,10,0,1,9,F,0.885,0.885,0
0.25,381,29,67,14,11,0,0,10,M,1.041,1.041,0
0.25,382,29,67,14,12,0,0,11,F,0.94,0.94,0
0.25,383,29,67,14,13,0,0,12,F,0.951,0.951,0
0.25,384,30,70,12,1,0,1,1,F,0.836,0.836,0
0.25,385,30,70,12,2,0,1,2,M,0.897,0.897,0
0.25,386,30,70,12,3,0,1,,,,0,0
0.25,387,30,70,12,4,0,1,3,F,0.738,0.738,0
0.25,388,30,70,12,5,0,1,4,F,0.793,0.793,1
0.25,389,30,70,12,6,0,1,5,M,0.764,0.764,0
0.25,390,30,70,12,7,0,1,6,M,0.759,0.759,0
0.25,391,30,70,12,8,0,0,7,F,0.872,0.872,0
0.25,392,30,70,12,9,0,0,8,F,0.802,0.802,0
0.25,393,30,70,12,10,0,0,9,M,0.857,0.857,0
0.25,394,30,70,12,11,0,0,10,F,0.875,0.875,1
0.25,395,30,70,12,12,0,0,11,F,0.83,0.83,0
0.25,396,30,70,12,13,0,0,12,M,0.778,0.778,0
0.25,397,31,75,15,1,0,1,1,F,0.86,0.86,0
0.25,398,31,75,15,2,0,1,2,F,0.871,0.871,0
0.25,399,31,75,15,3,0,1,3,F,0.794,0.794,1
0.25,400,31,75,15,4,0,1,4,F,0.879,0.879,0
0.25,401,31,75,15,5,0,1,5,F,0.674,0.674,1
0.25,402,31,75,15,6,0,1,6,M,0.817,0.817,0
0.25,403,31,75,15,7,0,1,7,M,0.913,0.913,0
0.25,404,31,75,15,8,0,0,8,F,0.846,0.846,0
0.25,405,31,75,15,9,0,0,9,M,0.931,0.931,1
0.25,406,31,75,15,10,0,0,10,F,0.953,0.953,0
0.25,407,31,75,15,11,0,0,11,F,0.809,0.809,0
0.25,408,31,75,15,12,0,0,12,M,0.918,0.918,1
0.25,409,31,75,15,13,0,0,13,M,0.85,0.85,0
0.25,410,32,78,17,1,0,1,1,M,0.94,0.94,0
0.25,411,32,78,17,2,0,1,2,F,0.871,0.871,0
0.25,412,32,78,17,3,0,1,3,F,0.834,0.834,0
0.25,413,32,78,17,4,0,1,4,F,0.963,0.963,0
0.25,414,32,78,17,5,0,1,5,F,0.945,0.945,0
0.25,415,32,78,17,6,0,1,6,F,0.966,0.966,0
0.25,416,32,78,17,7,0,1,7,M,0.911,0.911,0
0.25,417,32,78,17,8,0,1,8,M,0.934,0.934,0
0.25,418,32,78,17,9,0,0,9,M,1.018,1.018,0
0.25,419,32,78,17,10,0,0,10,M,0.948,0.948,0
0.25,420,32,78,17,11,0,0,11,F,0.948,0.948,0
0.25,421,32,78,17,12,0,0,12,F,0.947,0.947,0
0.25,422,32,78,17,13,0,0,13,M,0.963,0.963,0
0.25,423,32,78,17,14,0,0,14,F,0.837,0.837,0
0.25,424,32,78,17,15,0,0,15,F,0.855,0.855,0
0.25,425,33,86,12,1,0,1,1,F,0.815,0.815,0
0.25,426,33,86,12,2,0,1,2,M,0.961,0.961,0
0.25,427,33,86,12,3,0,1,3,M,0.92,0.92,0
0.25,428,33,86,12,4,0,0,4,F,0.963,0.963,0
0.25,429,33,86,12,5,0,0,,,,0,0
0.25,430,33,86,12,6,0,0,5,F,0.812,0.812,0
0.25,431,33,86,12,7,0,0,6,M,0.96,0.96,0
0.25,432,33,86,12,8,0,0,7,M,0.982,0.982,0
0.25,433,33,86,12,9,0,0,8,F,0.966,0.966,0
0.25,434,33,86,12,10,0,0,9,M,0.874,0.874,0
0.25,435,33,86,12,11,0,0,10,F,0.854,0.854,0
0.25,436,33,86,12,12,0,0,11,F,0.9,0.9,0
0.25,437,34,91,13,1,0,1,1,F,0.943,0.943,0
0.25,438,34,91,13,2,1,1,2,N,0.754,0.754,0
0.25,439,34,91,13,3,0,1,3,F,0.898,0.898,0
0.25,440,34,91,13,4,0,1,4,F,0.895,0.895,0
0.25,441,34,91,13,5,0,0,5,F,0.938,0.938,0
0.25,442,34,91,13,6,0,0,,,,0,0
0.25,443,34,91,13,7,0,0,,N,0.263,0.263,0
0.25,444,34,91,13,8,0,0,6,F,0.87,0.87,0
0.25,445,34,91,13,9,0,0,,,,0,0
0.25,446,34,91,13,10,0,0,,,,0,0
0.25,447,34,91,13,11,0,0,7,F,0.878,0.878,0
0.25,448,34,91,13,12,0,0,8,F,0.849,0.849,0
0.25,449,34,91,13,13,0,0,9,M,0.802,0.802,1
0.25,450,35,99,16,1,0,1,1,F,1.01,1.01,0
0.25,451,35,99,16,2,0,1,2,F,1.053,1.053,0
0.25,452,35,99,16,3,0,1,3,F,1.006,1.006,0
0.25,453,35,99,16,4,0,1,4,F,0.961,0.961,0
0.25,454,35,99,16,5,0,1,5,M,1.043,1.043,0
0.25,455,35,99,16,6,0,1,6,F,0.984,0.984,0
0.25,456,35,99,16,7,0,0,,,,0,0
0.25,457,35,99,16,8,0,0,7,F,1.034,1.034,0
0.25,458,35,99,16,9,0,0,8,M,1.031,1.031,0
0.25,459,35,99,16,10,0,0,9,F,0.894,0.894,0
0.25,460,35,99,16,11,0,0,10,F,1.004,1.004,0
0.25,461,35,99,16,12,0,0,,,,0,0
0.25,462,35,99,16,13,0,0,,,,0,0
0.25,463,35,99,16,14,0,0,,,,0,0
0.25,464,36,102,15,1,0,1,1,F,0.97,0.97,0
0.25,465,36,102,15,2,0,1,2,M,0.952,0.952,1
0.25,466,36,102,15,3,0,1,3,F,0.932,0.932,1
0.25,467,36,102,15,4,0,1,4,M,0.954,0.954,0
0.25,468,36,102,15,5,0,1,5,M,1.03,1.03,0
0.25,469,36,102,15,6,0,1,6,M,0.979,0.979,0
0.25,470,36,102,15,7,0,1,7,F,0.89,0.89,0
0.25,471,36,102,15,8,0,1,8,F,1.1,1.1,0
0.25,472,36,102,15,9,0,0,,,,0,0
0.25,473,36,102,15,10,0,0,,,,0,0
0.25,474,36,102,15,11,0,0,9,F,0.965,0.965,0
0.25,475,36,102,15,12,0,0,10,M,1.11,1.11,0
0.25,476,36,102,15,13,0,0,11,F,0.965,0.965,0
0.25,477,36,102,15,14,0,0,,,,0,0
0.25,478,36,102,15,15,0,0,,,,0,0
0.25,479,36,102,15,16,0,0,,,,0,0
0.25,480,36,102,15,17,0,0,12,F,1.01,1.01,0
0.25,481,36,102,15,18,0,0,13,M,1.08,1.08,1
0.25,482,36,102,15,19,0,0,14,M,1.02,1.02,0
0.25,483,37,108,11,1,0,1,1,M,0.812,0.812,0
0.25,484,37,108,11,2,0,1,2,M,0.813,0.813,0
0.25,485,37,108,11,3,0,1,3,F,0.833,0.833,0
0.25,486,37,108,11,4,0,1,4,M,0.739,0.739,0
0.25,487,37,108,11,5,0,0,5,M,0.819,0.819,0
0.25,488,37,108,11,6,0,0,6,F,0.874,0.874,0
0.25,489,37,108,11,7,0,0,7,F,0.8,0.8,0
0.25,490,37,108,11,8,0,0,8,F,0.728,0.728,0
0.25,491,37,108,11,9,0,0,9,M,0.774,0.774,1
0.25,492,37,108,11,10,0,0,10,M,0.877,0.877,0
0.25,493,38,116,15,1,0,1,1,F,0.564,0.564,0
0.25,494,38,116,15,2,0,1,2,M,0.835,0.835,0
0.25,495,38,116,15,3,0,1,3,M,0.722,0.722,1
0.25,496,38,116,15,4,0,1,4,F,0.778,0.778,1
0.25,497,38,116,15,5,0,1,5,F,0.81,0.81,1
0.25,498,38,116,15,6,0,1,6,M,0.816,0.816,0
0.25,499,38,116,15,7,0,1,7,M,0.838,0.838,1
0.25,500,38,116,15,8,0,0,8,M,0.691,0.691,1
0.25,501,38,116,15,9,0,0,9,F,0.695,0.695,1
0.25,502,38,116,15,10,0,0,10,M,0.903,0.903,0
0.25,503,38,116,15,11,0,0,11,F,0.731,0.731,0
0.25,504,38,116,15,12,0,0,12,M,0.811,0.811,0
0.25,505,38,116,15,13,0,0,13,M,0.77,0.77,0
0.25,506,38,116,15,14,0,0,14,M,0.791,0.791,0
0.25,507,39,121,13,1,0,1,1,M,0.928,0.928,0
0.25,508,39,121,13,2,0,1,2,M,0.879,0.879,1
0.25,509,39,121,13,3,0,1,3,M,0.906,0.906,1
0.25,510,39,121,13,4,0,1,4,F,0.841,0.841,0
0.25,511,39,121,13,5,0,1,5,M,0.906,0.906,0
0.25,512,39,121,13,6,0,0,6,F,0.899,0.899,0
0.25,513,39,121,13,7,0,0,7,F,0.888,0.888,0
0.25,514,39,121,13,8,1,0,8,N,0.777,0.777,0
0.25,515,39,121,13,9,0,0,9,M,0.865,0.865,0
0.25,516,39,121,13,10,0,0,10,M,0.914,0.914,0
0.25,517,39,121,13,11,0,0,,,,0,0
0.25,518,39,121,13,12,0,0,11,M,0.859,0.859,0
0.25,519,39,121,13,13,0,0,12,M,0.927,0.927,0
0.25,520,39,121,13,14,0,0,13,M,0.905,0.905,0
0.25,521,40,124,17,1,0,1,1,M,0.936,0.936,0
0.25,522,40,124,17,2,0,1,2,M,0.93,0.93,0
0.25,523,40,124,17,3,0,1,3,M,0.845,0.845,0
0.25,524,40,124,17,4,0,1,,,,0,0
0.25,525,40,124,17,5,0,1,,,,0,0
0.25,526,40,124,17,6,0,1,,,,0,0
0.25,527,40,124,17,7,0,1,4,F,0.757,0.757,0
0.25,528,40,124,17,8,0,1,5,M,0.868,0.868,0
0.25,529,40,124,17,9,0,1,6,F,0.759,0.759,0
0.25,530,40,124,17,10,0,0,,,,0,0
0.25,531,40,124,17,11,0,0,,,,0,0
0.25,532,40,124,17,12,0,0,7,M,0.931,0.931,0
0.25,533,40,124,17,13,0,0,8,F,0.92,0.92,0
0.25,534,40,124,17,14,0,0,9,M,0.921,0.921,1
0.25,535,40,124,17,15,0,0,10,M,0.848,0.848,0
0.25,536,41,129,14,1,0,1,1,M,1.016,1.016,0
0.25,537,41,129,14,2,0,1,2,M,0.988,0.988,0
0.25,538,41,129,14,3,0,1,3,M,0.9,0.9,0
0.25,539,41,129,14,4,0,1,4,F,0.82,0.82,0
0.25,540,41,129,14,5,0,1,5,F,0.949,0.949,0
0.25,541,41,129,14,6,0,0,6,M,0.826,0.826,1
0.25,542,41,129,14,7,0,0,7,F,0.828,0.828,0
0.25,543,41,129,14,8,0,0,8,M,1.003,1.003,0
0.25,544,41,129,14,9,0,0,,,,0,0
0.25,545,41,129,14,10,0,0,9,F,0.924,0.924,0
0.25,546,41,129,14,11,0,0,,,,0,0
0.25,547,41,129,14,12,0,0,10,F,0.879,0.879,0
0.25,548,41,129,14,13,0,0,11,M,0.913,0.913,0
0.25,549,42,132,16,1,0,1,1,F,0.835,0.835,1
0.25,550,42,132,16,2,0,1,2,M,0.876,0.876,0
0.25,551,42,132,16,3,0,1,3,M,0.894,0.894,1
0.25,552,42,132,16,4,0,1,4,M,0.841,0.841,0
0.25,553,42,132,16,5,0,1,5,F,0.853,0.853,0
0.25,554,42,132,16,6,0,1,6,F,0.733,0.733,1
0.25,555,42,132,16,7,0,1,7,F,0.86,0.86,0
0.25,556,42,132,16,8,0,1,8,F,0.814,0.814,0
0.25,557,42,132,16,9,0,0,9,F,0.835,0.835,0
0.25,558,42,132,16,10,0,0,10,M,0.995,0.995,1
0.25,559,42,132,16,11,0,0,11,M,0.864,0.864,0
0.25,560,42,132,16,12,0,0,,,,0,0
0.25,561,42,132,16,13,0,0,12,M,0.87,0.87,0
0.25,562,42,132,16,14,0,0,13,M,0.802,0.802,1
0.25,563,43,137,15,1,0,1,1,M,0.875,0.875,0
0.25,564,43,137,15,2,0,1,2,M,0.925,0.925,1
0.25,565,43,137,15,3,0,1,3,M,0.813,0.813,1
0.25,566,43,137,15,4,0,1,4,M,0.819,0.819,1
0.25,567,43,137,15,5,0,1,5,M,0.961,0.961,0
0.25,568,43,137,15,6,0,1,6,M,0.957,0.957,0
0.25,569,43,137,15,7,0,1,7,F,0.903,0.903,0
0.25,570,43,137,15,8,0,0,8,M,0.895,0.895,0
0.25,571,43,137,15,9,0,0,9,M,0.876,0.876,1
0.25,572,43,137,15,10,0,0,10,M,0.943,0.943,0
0.25,573,43,137,15,11,0,0,11,M,0.882,0.882,0
0.25,574,43,137,15,12,0,0,12,M,0.831,0.831,0
0.25,575,43,137,15,13,0,0,13,F,0.911,0.911,0
0.25,576,43,137,15,14,0,0,14,F,0.857,0.857,0
0.25,577,43,137,15,15,0,0,15,M,0.912,0.912,0
0.25,578,44,140,15,1,0,1,1,F,0.874,0.874,0
0.25,579,44,140,15,2,0,1,2,M,0.867,0.867,0
0.25,580,44,140,15,3,0,1,3,F,0.815,0.815,0
0.25,581,44,140,15,4,0,1,4,F,0.832,0.832,0
0.25,582,44,140,15,5,0,1,5,F,0.875,0.875,0
0.25,583,44,140,15,6,0,1,6,M,0.876,0.876,0
0.25,584,44,140,15,7,0,1,7,F,0.82,0.82,1
0.25,585,44,140,15,8,0,1,8,M,0.857,0.857,0
0.25,586,44,140,15,9,0,1,9,M,0.861,0.861,0
0.25,587,44,140,15,10,0,0,10,F,0.858,0.858,0
0.25,588,44,140,15,11,0,0,11,M,0.878,0.878,0
0.25,589,44,140,15,12,0,0,12,M,0.836,0.836,0
0.25,590,44,140,15,13,0,0,13,F,0.828,0.828,0
0.25,591,44,140,15,14,0,0,14,M,0.903,0.903,0
0.25,592,44,140,15,15,0,0,15,M,0.874,0.874,0
0.25,593,45,145,11,1,0,0,1,M,0.957,0.957,1
0.25,594,45,145,11,2,0,0,2,M,1.074,1.074,0
0.25,595,45,145,11,3,0,0,3,M,0.993,0.993,0
0.25,596,45,145,11,4,0,0,4,F,0.854,0.854,0
0.25,597,45,145,11,5,0,0,5,M,1.043,1.043,1
0.25,598,45,145,11,6,0,0,6,F,0.912,0.912,0
0.25,599,45,145,11,7,0,0,7,M,0.952,0.952,0
0.25,600,46,148,12,1,0,1,1,F,1.008,1.008,0
0.25,601,46,148,12,2,0,1,2,F,1.048,1.048,1
0.25,602,46,148,12,3,0,1,3,F,0.911,0.911,0
0.25,603,46,148,12,4,0,1,4,F,0.998,0.998,0
0.25,604,46,148,12,5,0,1,5,F,0.851,0.851,0
0.25,605,46,148,12,6,0,0,6,M,0.868,0.868,1
0.25,606,46,148,12,7,0,0,7,M,0.842,0.842,0
0.25,607,46,148,12,8,0,0,8,F,0.744,0.744,0
0.25,608,46,148,12,9,0,0,9,M,1.037,1.037,1
0.25,609,46,148,12,10,0,0,10,M,1.027,1.027,0
0.25,610,46,148,12,11,0,0,11,M,1.015,1.015,0
0.25,611,46,148,12,12,0,0,12,M,1.033,1.033,0
0.25,612,47,152,10,1,0,1,1,M,1.045,1.045,0
0.25,613,47,152,10,2,0,1,,,,0,0
0.25,614,47,152,10,3,0,1,2,M,1.026,1.026,0
0.25,615,47,152,10,4,0,1,,,,0,0
0.25,616,47,152,10,5,0,1,3,F,1.116,1.116,0
0.25,617,47,152,10,6,0,1,4,F,0.794,0.794,1
0.25,618,47,152,10,7,0,0,5,F,1.038,1.038,0
0.25,619,47,152,10,8,0,0,6,M,1.105,1.105,0
0.25,620,47,152,10,9,0,0,7,M,0.939,0.939,0
0.25,621,48,155,14,1,0,1,1,F,0.809,0.809,0
0.25,622,48,155,14,2,0,1,2,M,0.914,0.914,0
0.25,623,48,155,14,3,0,1,3,F,0.772,0.772,1
0.25,624,48,155,14,4,0,1,4,M,0.837,0.837,0
0.25,625,48,155,14,5,0,1,,,,0,0
0.25,626,48,155,14,6,0,1,5,F,0.96,0.96,0
0.25,627,48,155,14,7,0,0,6,F,0.913,0.913,0
0.25,628,48,155,14,8,0,0,7,M,0.883,0.883,0
0.25,629,48,155,14,9,1,0,8,N,0.437,0.437,0
0.25,630,48,155,14,10,0,0,9,F,0.892,0.892,0
0.25,631,48,155,14,11,0,0,10,F,0.831,0.831,0
0.5,632,49,55,11,1,0,1,1,F,0.673,0.673,1
0.5,633,49,55,11,2,0,1,2,M,0.75,0.75,1
0.5,634,49,55,11,3,0,1,3,M,0.68,0.68,0
0.5,635,49,55,11,4,0,1,4,M,0.501,0.501,1
0.5,636,49,55,11,5,0,0,5,M,0.712,0.712,1
0.5,637,49,55,11,6,0,0,6,F,0.662,0.662,1
0.5,638,49,55,11,7,0,0,7,F,0.631,0.631,1
0.5,639,49,55,11,8,0,0,8,M,0.647,0.647,1
0.5,640,49,55,11,9,0,0,9,F,0.708,0.708,1
0.5,641,49,55,11,10,0,0,10,F,0.657,0.657,1
0.5,642,50,58,13,1,0,1,1,F,0.67,0.67,1
0.5,643,50,58,13,2,0,1,2,F,0.716,0.716,0
0.5,644,50,58,13,3,0,1,,,,0,0
0.5,645,50,58,13,4,0,1,3,M,0.749,0.749,0
0.5,646,50,58,13,5,0,1,4,F,0.672,0.672,1
0.5,647,50,58,13,6,0,1,5,M,0.676,0.676,1
0.5,648,50,58,13,7,0,0,6,F,0.682,0.682,1
0.5,649,50,58,13,8,0,0,7,M,0.735,0.735,1
0.5,650,50,58,13,9,0,0,8,F,0.717,0.717,1
0.5,651,50,58,13,10,0,0,9,F,0.727,0.727,0
0.5,652,50,58,13,11,0,0,10,F,0.679,0.679,0
0.5,653,50,58,13,12,0,0,11,F,0.674,0.674,0
0.5,654,51,63,15,1,0,1,1,F,0.673,0.673,0
0.5,655,51,63,15,2,0,1,2,F,0.644,0.644,0
0.5,656,51,63,15,3,0,1,3,F,0.605,0.605,0
0.5,657,51,63,15,4,0,1,,,,0,0
0.5,658,51,63,15,5,0,1,4,F,0.627,0.627,0
0.5,659,51,63,15,6,0,1,5,F,0.457,0.457,1
0.5,660,51,63,15,7,0,1,6,M,0.656,0.656,1
0.5,661,51,63,15,8,0,1,7,F,0.665,0.665,0
0.5,662,51,63,15,9,0,0,,,,0,0
0.5,663,51,63,15,10,0,0,8,F,0.748,0.748,0
0.5,664,51,63,15,11,0,0,9,F,0.755,0.755,1
0.5,665,51,63,15,12,0,0,10,F,0.743,0.743,1
0.5,666,51,63,15,13,0,0,11,F,0.744,0.744,1
0.5,667,51,63,15,14,0,0,12,F,0.645,0.645,0
0.5,668,52,66,15,1,0,1,1,M,0.574,0.574,0
0.5,669,52,66,15,2,0,1,2,M,0.619,0.619,1
0.5,670,52,66,15,3,0,1,3,M,0.607,0.607,1
0.5,671,52,66,15,4,0,1,,,,0,0
0.5,672,52,66,15,5,0,1,4,F,0.637,0.637,1
0.5,673,52,66,15,6,0,1,5,M,0.573,0.573,1
0.5,674,52,66,15,7,0,1,,,,0,0
0.5,675,52,66,15,8,0,1,6,F,0.6,0.6,1
0.5,676,52,66,15,9,0,0,7,M,0.623,0.623,1
0.5,677,52,66,15,10,0,0,8,M,0.554,0.554,1
0.5,678,52,66,15,11,0,0,9,M,0.658,0.658,1
0.5,679,52,66,15,12,0,0,10,F,0.624,0.624,0
0.5,680,52,66,15,13,0,0,11,F,0.582,0.582,1
0.5,681,52,66,15,14,0,0,12,M,0.526,0.526,1
0.5,682,52,66,15,15,0,0,13,M,0.467,0.467,1
0.5,683,53,71,13,1,0,1,1,F,0.722,0.722,1
0.5,684,53,71,13,2,0,1,2,F,0.419,0.419,1
0.5,685,53,71,13,3,0,1,3,F,0.704,0.704,1
0.5,686,53,71,13,4,0,1,4,F,0.718,0.718,1
0.5,687,53,71,13,5,0,1,5,M,0.695,0.695,0
0.5,688,53,71,13,6,0,1,,N,0.089,0.089,0
0.5,689,53,71,13,7,0,1,6,F,0.867,0.867,1
0.5,690,53,71,13,8,0,1,,,,0,0
0.5,691,53,71,13,9,0,0,,,,0,0
0.5,692,53,71,13,10,0,0,7,M,0.8,0.8,1
0.5,693,53,71,13,11,0,0,8,F,0.827,0.827,0
0.5,694,53,71,13,12,0,0,9,M,0.756,0.756,0
0.5,695,54,74,13,1,0,1,1,F,0.677,0.677,1
0.5,696,54,74,13,2,0,1,2,M,0.749,0.749,0
0.5,697,54,74,13,3,0,1,3,F,0.686,0.686,1
0.5,698,54,74,13,4,0,1,4,M,0.788,0.788,0
0.5,699,54,74,13,5,0,1,5,M,0.719,0.719,0
0.5,700,54,74,13,6,0,1,6,F,0.652,0.652,1
0.5,701,54,74,13,7,0,0,7,M,0.771,0.771,0
0.5,702,54,74,13,8,0,0,8,M,0.74,0.74,1
0.5,703,54,74,13,9,0,0,9,F,0.57,0.57,1
0.5,704,54,74,13,10,0,0,10,F,0.778,0.778,0
0.5,705,54,74,13,11,0,0,11,M,0.809,0.809,0
0.5,706,54,74,13,12,0,0,12,F,0.658,0.658,1
0.5,707,54,74,13,13,0,0,13,M,0.758,0.758,1
0.5,708,55,79,11,1,0,1,,,,0,0
0.5,709,55,79,11,2,0,0,,,,0,0
0.5,710,55,79,11,3,0,0,1,F,1.154,1.154,0
0.5,711,55,79,11,4,0,0,,,,0,0
0.5,712,55,79,11,5,0,0,,,,0,0
0.5,713,56,82,10,1,0,1,1,M,0.76,0.76,0
0.5,714,56,82,10,2,0,1,2,F,0.786,0.786,1
0.5,715,56,82,10,3,0,1,3,M,0.828,0.828,0
0.5,716,56,82,10,4,0,1,4,M,0.791,0.791,0
0.5,717,56,82,10,5,0,1,,,,0,0
0.5,718,56,82,10,6,0,1,5,F,0.644,0.644,1
0.5,719,56,82,10,7,0,1,6,M,0.815,0.815,0
0.5,720,56,82,10,8,0,1,7,F,0.73,0.73,0
0.5,721,56,82,10,9,0,0,8,F,0.872,0.872,0
0.5,722,56,82,10,10,0,0,9,M,0.943,0.943,0
0.5,723,56,82,10,11,0,0,10,F,0.833,0.833,0
0.5,724,56,82,10,12,0,0,11,F,0.809,0.809,1
0.5,725,57,87,13,1,0,1,1,F,0.925,0.925,0
0.5,726,57,87,13,2,0,1,2,F,0.866,0.866,0
0.5,727,57,87,13,3,0,1,3,F,0.789,0.789,1
0.5,728,57,87,13,4,0,1,4,M,0.857,0.857,0
0.5,729,57,87,13,5,0,0,,,,0,0
0.5,730,57,87,13,6,0,0,5,M,0.904,0.904,1
0.5,731,57,87,13,7,0,0,6,F,0.793,0.793,1
0.5,732,57,87,13,8,0,0,,,,0,0
0.5,733,57,87,13,9,0,0,7,F,0.8,0.8,1
0.5,734,57,87,13,10,0,0,8,M,0.822,0.822,1
0.5,735,57,87,13,11,0,0,9,F,0.789,0.789,1
0.5,736,57,87,13,12,0,0,10,F,0.711,0.711,1
0.5,737,57,87,13,13,0,0,11,F,0.703,0.703,1
0.5,738,58,90,14,1,0,1,1,F,0.654,0.654,0
0.5,739,58,90,14,2,0,1,2,F,0.707,0.707,0
0.5,740,58,90,14,3,0,1,3,F,0.674,0.674,0
0.5,741,58,90,14,4,0,1,,,,0,0
0.5,742,58,90,14,5,0,1,4,M,0.629,0.629,0
0.5,743,58,90,14,6,0,1,5,F,0.772,0.772,0
0.5,744,58,90,14,7,0,1,,,,0,0
0.5,745,58,90,14,8,0,0,6,M,0.784,0.784,0
0.5,746,58,90,14,9,0,0,7,M,0.861,0.861,0
0.5,747,58,90,14,10,0,0,8,M,0.7,0.7,0
0.5,748,58,90,14,11,0,0,9,M,0.763,0.763,1
0.5,749,58,90,14,12,0,0,10,M,0.834,0.834,0
0.5,750,58,90,14,13,0,0,11,F,0.645,0.645,1
0.5,751,58,90,14,14,0,0,12,F,0.716,0.716,0
0.5,752,58,90,14,15,0,0,13,F,0.712,0.712,0
0.5,753,58,90,14,16,0,0,14,M,0.714,0.714,1
0.5,754,59,95,13,1,0,1,1,M,0.942,0.942,0
0.5,755,59,95,13,2,0,1,2,F,0.871,0.871,0
0.5,756,59,95,13,3,0,1,3,M,0.973,0.973,0
0.5,757,59,95,13,4,0,1,4,F,0.893,0.893,0
0.5,758,59,95,13,5,0,0,5,M,0.788,0.788,1
0.5,759,59,95,13,6,0,0,6,F,0.835,0.835,0
0.5,760,59,95,13,7,0,0,7,M,0.917,0.917,0
0.5,761,59,95,13,8,0,0,8,F,0.821,0.821,1
0.5,762,59,95,13,9,0,0,9,F,0.87,0.87,0
0.5,763,59,95,13,10,0,0,10,M,0.816,0.816,1
0.5,764,59,95,13,11,0,0,11,F,0.848,0.848,0
0.5,765,59,95,13,12,0,0,12,F,0.951,0.951,0
0.5,766,59,95,13,13,0,0,13,F,0.874,0.874,0
0.5,767,60,98,15,1,0,1,1,F,0.881,0.881,0
0.5,768,60,98,15,2,0,1,2,F,0.804,0.804,0
0.5,769,60,98,15,3,0,1,3,F,0.795,0.795,1
0.5,770,60,98,15,4,0,1,4,M,0.733,0.733,1
0.5,771,60,98,15,5,0,1,5,F,0.656,0.656,1
0.5,772,60,98,15,6,0,0,6,F,0.85,0.85,1
0.5,773,60,98,15,7,0,0,7,M,0.737,0.737,1
0.5,774,60,98,15,8,0,0,8,M,0.851,0.851,0
0.5,775,60,98,15,9,0,0,9,F,0.883,0.883,1
0.5,776,60,98,15,10,0,0,10,F,0.814,0.814,1
0.5,777,60,98,15,11,0,0,11,F,0.715,0.715,1
0.5,778,60,98,15,12,0,0,12,M,0.728,0.728,1
0.5,779,60,98,15,13,0,0,13,F,0.831,0.831,0
0.5,780,60,98,15,14,0,0,14,F,0.792,0.792,0
0.5,781,60,98,15,15,0,0,15,F,0.711,0.711,1
0.5,782,61,103,14,1,0,1,1,F,0.895,0.895,0
0.5,783,61,103,14,2,0,1,2,M,0.931,0.931,1
0.5,784,61,103,14,3,0,1,,,,0,0
0.5,785,61,103,14,4,0,1,3,M,0.916,0.916,1
0.5,786,61,103,14,5,0,1,,,,0,0
0.5,787,61,103,14,6,0,0,4,F,0.848,0.848,1
0.5,788,61,103,14,7,0,0,5,F,0.654,0.654,0
0.5,789,61,103,14,8,0,0,6,F,0.613,0.613,1
0.5,790,61,103,14,9,0,0,,,,0,0
0.5,791,61,103,14,10,0,0,7,M,0.842,0.842,0
0.5,792,61,103,14,11,0,0,8,M,0.669,0.669,1
0.5,793,61,103,14,12,0,0,9,F,0.831,0.831,0
0.5,794,61,103,14,13,0,0,10,M,0.788,0.788,1
0.5,795,61,103,14,14,0,0,11,F,0.835,0.835,1
0.5,796,62,105,13,1,0,1,1,M,0.877,0.877,0
0.5,797,62,105,13,2,0,1,2,M,0.954,0.954,0
0.5,798,62,105,13,3,0,1,3,M,0.886,0.886,0
0.5,799,62,105,13,4,0,1,4,M,0.895,0.895,0
0.5,800,62,105,13,5,0,1,,,,0,0
0.5,801,62,105,13,6,0,0,5,M,0.84,0.84,0
0.5,802,62,105,13,7,0,0,6,M,0.723,0.723,0
0.5,803,62,105,13,8,0,0,7,M,0.797,0.797,0
0.5,804,62,105,13,9,0,0,8,M,0.836,0.836,0
0.5,805,62,105,13,10,0,0,9,M,0.726,0.726,0
0.5,806,62,105,13,11,0,0,10,F,0.727,0.727,1
0.5,807,62,105,13,12,0,0,11,F,0.837,0.837,0
0.5,808,62,105,13,13,0,0,12,F,0.715,0.715,0
0.5,809,63,112,13,1,0,1,1,M,0.81,0.81,0
0.5,810,63,112,13,2,0,1,2,F,0.812,0.812,0
0.5,811,63,112,13,3,0,1,3,F,0.782,0.782,1
0.5,812,63,112,13,4,0,1,4,F,0.757,0.757,0
0.5,813,63,112,13,5,0,0,5,F,0.749,0.749,0
0.5,814,63,112,13,6,0,0,6,F,0.779,0.779,0
0.5,815,63,112,13,7,0,0,7,F,0.686,0.686,1
0.5,816,63,112,13,8,0,0,8,M,0.76,0.76,1
0.5,817,63,112,13,9,0,0,9,F,0.795,0.795,0
0.5,818,63,112,13,10,0,0,10,F,0.785,0.785,0
0.5,819,63,112,13,11,0,0,,,,0,0
0.5,820,63,112,13,12,0,0,11,M,0.708,0.708,0
0.5,821,63,112,13,13,0,0,12,F,0.66,0.66,0
0.5,822,63,112,13,14,0,0,13,F,0.644,0.644,0
0.5,823,64,117,14,1,0,1,,,,0,0
0.5,824,64,117,14,2,0,1,,,,0,0
0.5,825,64,117,14,3,0,1,1,M,0.785,0.785,0
0.5,826,64,117,14,4,0,1,2,F,0.762,0.762,0
0.5,827,64,117,14,5,0,1,3,F,0.744,0.744,1
0.5,828,64,117,14,6,0,1,4,F,0.709,0.709,0
0.5,829,64,117,14,7,0,0,5,F,0.718,0.718,0
0.5,830,64,117,14,8,0,0,6,M,0.785,0.785,0
0.5,831,64,117,14,9,0,0,7,F,0.82,0.82,0
0.5,832,64,117,14,10,0,0,8,F,0.674,0.674,1
0.5,833,64,117,14,11,0,0,9,F,0.811,0.811,0
0.5,834,64,117,14,12,0,0,10,F,0.845,0.845,0
0.5,835,64,117,14,13,0,0,11,F,0.693,0.693,0
0.5,836,64,117,14,14,0,0,12,M,0.743,0.743,0
0.5,837,64,117,14,15,0,0,13,F,0.723,0.723,0
0.5,838,65,125,11,1,0,1,1,F,0.705,0.705,1
0.5,839,65,125,11,2,0,1,2,F,0.607,0.607,1
0.5,840,65,125,11,3,0,1,3,M,0.709,0.709,1
0.5,841,65,125,11,4,0,1,,,,0,0
0.5,842,65,125,11,5,0,0,4,M,0.715,0.715,0
0.5,843,65,125,11,6,0,0,5,F,0.713,0.713,1
0.5,844,65,125,11,7,0,0,,,,0,0
0.5,845,65,125,11,8,0,0,6,M,0.765,0.765,1
0.5,846,65,125,11,9,0,0,7,M,0.723,0.723,1
0.5,847,66,128,10,1,0,1,1,M,0.82,0.82,0
0.5,848,66,128,10,2,0,1,2,M,0.909,0.909,0
0.5,849,66,128,10,3,0,1,3,F,0.925,0.925,0
0.5,850,66,128,10,4,0,1,4,F,0.884,0.884,0
0.5,851,66,128,10,5,0,0,5,M,0.788,0.788,1
0.5,852,66,128,10,6,0,0,6,F,0.822,0.822,0
0.5,853,66,128,10,7,0,0,7,M,0.816,0.816,0
0.5,854,66,128,10,8,0,0,8,F,0.789,0.789,1
0.5,855,67,133,0,1,0,1,,,,0,0
0.5,856,67,133,0,2,0,0,,,,0,0
0.5,857,67,133,0,3,0,0,,,,0,0
0.5,858,68,136,9,1,0,1,,,,0,0
0.5,859,68,136,9,2,0,1,1,M,0.877,0.877,0
0.5,860,68,136,9,3,0,0,,,,0,0
0.5,861,68,136,9,4,0,0,2,F,1,1,0
0.5,862,68,136,9,5,0,0,,,,0,0
0.5,863,68,136,9,6,0,0,3,M,0.817,0.817,1
0.5,864,68,136,9,7,0,0,,,,0,0
0.5,865,69,141,9,1,0,1,1,M,0.808,0.808,0
0.5,866,69,141,9,2,0,1,2,M,0.879,0.879,0
0.5,867,69,141,9,3,0,1,3,M,0.816,0.816,0
0.5,868,69,141,9,4,0,1,4,F,0.939,0.939,0
0.5,869,69,141,9,5,0,1,5,M,0.824,0.824,0
0.5,870,69,141,9,6,0,0,6,F,0.922,0.922,0
0.5,871,69,141,9,7,0,0,,,,0,0
0.5,872,69,141,9,8,0,0,7,M,0.947,0.947,0
0.5,873,69,141,9,9,0,0,,,,0,0
0.5,874,70,144,13,1,0,1,1,F,0.792,0.792,0
0.5,875,70,144,13,2,0,1,2,F,0.868,0.868,0
0.5,876,70,144,13,3,0,1,3,F,0.526,0.526,1
0.5,877,70,144,13,4,0,1,4,F,0.816,0.816,0
0.5,878,70,144,13,5,0,1,5,M,0.77,0.77,1
0.5,879,70,144,13,6,0,1,,,,0,0
0.5,880,70,144,13,7,0,1,6,M,0.76,0.76,1
0.5,881,70,144,13,8,0,1,7,F,0.771,0.771,1
0.5,882,70,144,13,9,0,0,8,F,0.854,0.854,0
0.5,883,70,144,13,10,0,0,9,M,0.921,0.921,0
0.5,884,70,144,13,11,0,0,10,F,0.84,0.84,0
0.5,885,70,144,13,12,0,0,,,,0,0
0.5,886,71,149,13,1,0,1,1,F,0.844,0.844,0
0.5,887,71,149,13,2,0,1,2,M,0.957,0.957,0
0.5,888,71,149,13,3,0,1,3,M,0.929,0.929,0
0.5,889,71,149,13,4,0,1,4,F,0.809,0.809,0
0.5,890,71,149,13,5,0,1,5,M,0.883,0.883,0
0.5,891,71,149,13,6,0,1,6,F,0.856,0.856,0
0.5,892,71,149,13,7,0,1,7,M,0.755,0.755,0
0.5,893,71,149,13,8,0,0,8,M,0.693,0.693,0
0.5,894,71,149,13,9,0,0,9,F,0.914,0.914,0
0.5,895,71,149,13,10,0,0,10,F,0.905,0.905,0
0.5,896,71,149,13,11,0,0,11,M,0.86,0.86,0
0.5,897,71,149,13,12,0,0,12,M,0.828,0.828,0
1,898,72,56,12,1,0,1,1,F,0.678,0.678,1
1,899,72,56,12,2,0,1,2,M,0.765,0.765,1
1,900,72,56,12,3,0,1,3,F,0.518,0.518,1
1,901,72,56,12,4,0,1,4,M,0.629,0.629,1
1,902,72,56,12,5,0,1,5,M,0.763,0.763,0
1,903,72,56,12,6,0,1,,,,0,0
1,904,72,56,12,7,0,1,6,F,0.658,0.658,1
1,905,72,56,12,8,0,0,7,M,0.732,0.732,0
1,906,72,56,12,9,0,0,,,,0,0
1,907,73,57,12,1,0,1,1,F,0.55,0.55,1
1,908,73,57,12,2,0,1,,,,0,0
1,909,73,57,12,3,0,1,2,M,0.633,0.633,1
1,910,73,57,12,4,0,1,3,F,0.498,0.498,1
1,911,73,57,12,5,0,1,4,F,0.633,0.633,1
1,912,73,57,12,6,0,0,5,F,0.619,0.619,0
1,913,73,57,12,7,0,0,,N,0.208,0.208,0
1,914,73,57,12,8,0,0,6,F,0.521,0.521,1
1,915,73,57,12,9,0,0,7,F,0.507,0.507,1
1,916,73,57,12,10,0,0,8,M,0.696,0.696,1
1,917,73,57,12,11,0,0,9,M,0.599,0.599,1
1,918,73,57,12,12,0,0,10,F,0.605,0.605,1
1,919,74,64,12,1,0,1,1,M,0.718,0.718,0
1,920,74,64,12,2,0,1,2,F,0.615,0.615,0
1,921,74,64,12,3,0,1,3,M,0.634,0.634,0
1,922,74,64,12,4,0,1,4,F,0.514,0.514,0
1,923,74,64,12,5,0,0,5,M,0.716,0.716,1
1,924,74,64,12,6,0,0,6,F,0.708,0.708,0
1,925,74,64,12,7,0,0,7,M,0.668,0.668,1
1,926,74,64,12,8,0,0,8,F,0.693,0.693,0
1,927,74,64,12,9,0,0,9,F,0.627,0.627,1
1,928,74,64,12,10,0,0,10,F,0.623,0.623,0
1,929,74,64,12,11,0,0,11,M,0.734,0.734,1
1,930,74,64,12,12,0,0,12,F,0.599,0.599,0
1,931,75,72,13,1,0,1,,,,0,0
1,932,75,72,13,2,0,1,1,F,0.624,0.624,1
1,933,75,72,13,3,0,1,2,F,0.827,0.827,1
1,934,75,72,13,4,0,1,3,M,0.846,0.846,1
1,935,75,72,13,5,0,1,4,M,0.778,0.778,1
1,936,75,72,13,6,0,1,5,M,0.764,0.764,0
1,937,75,72,13,7,0,1,6,M,0.838,0.838,1
1,938,75,72,13,8,0,0,7,F,0.841,0.841,1
1,939,75,72,13,9,0,0,8,M,0.919,0.919,1
1,940,75,72,13,10,0,0,9,F,0.852,0.852,0
1,941,75,72,13,11,0,0,10,F,0.833,0.833,0
1,942,75,72,13,12,0,0,,,,0,0
1,943,76,73,12,1,0,1,,,,0,0
1,944,76,73,12,2,0,1,1,F,0.665,0.665,1
1,945,76,73,12,3,0,1,2,F,0.665,0.665,1
1,946,76,73,12,4,0,1,3,F,0.563,0.563,0
1,947,76,73,12,5,0,1,4,F,0.649,0.649,1
1,948,76,73,12,6,0,1,5,F,0.617,0.617,1
1,949,76,73,12,7,0,1,6,M,0.617,0.617,1
1,950,76,73,12,8,0,0,7,M,0.55,0.55,1
1,951,76,73,12,9,0,0,8,F,0.621,0.621,1
1,952,76,73,12,10,0,0,9,F,0.607,0.607,1
1,953,76,73,12,11,0,0,10,F,0.599,0.599,1
1,954,76,73,12,12,0,0,,,,0,0
1,955,77,80,11,1,0,1,,,,0,0
1,956,77,80,11,2,0,1,,,,0,0
1,957,77,80,11,3,0,1,1,M,1.025,1.025,1
1,958,77,80,11,4,0,0,,,,0,0
1,959,77,80,11,5,0,0,2,F,0.49,0.49,1
1,960,77,80,11,6,0,0,,,,0,0
1,961,77,80,11,7,0,0,3,M,1.004,1.004,1
1,962,77,80,11,8,0,0,,,,0,0
1,963,77,80,11,9,0,0,4,M,0.968,0.968,1
1,964,78,81,18,1,0,1,,,,0,0
1,965,78,81,18,2,0,1,1,F,0.687,0.687,1
1,966,78,81,18,3,0,1,,,,0,0
1,967,78,81,18,4,0,1,,,,0,0
1,968,78,81,18,5,0,1,2,F,0.593,0.593,1
1,969,78,81,18,6,0,1,,,,0,0
1,970,78,81,18,7,0,1,3,F,0.631,0.631,1
1,971,78,81,18,8,0,1,,,,0,0
1,972,78,81,18,9,0,1,,,,0,0
1,973,78,81,18,10,0,1,,,,0,0
1,974,78,81,18,11,0,0,,,,0,0
1,975,78,81,18,12,0,0,,,,0,0
1,976,78,81,18,13,0,0,4,M,0.713,0.713,1
1,977,78,81,18,14,0,0,5,M,0.747,0.747,1
1,978,78,81,18,15,0,0,6,M,0.685,0.685,1
1,979,78,81,18,16,0,0,7,F,0.791,0.791,1
1,980,79,89,11,1,0,1,1,F,0.66,0.66,0
1,981,79,89,11,2,0,1,,,,0,0
1,982,79,89,11,3,0,1,2,M,0.64,0.64,0
1,983,79,89,11,4,0,1,3,F,0.756,0.756,0
1,984,79,89,11,5,0,0,4,F,0.727,0.727,1
1,985,79,89,11,6,0,0,,,,0,0
1,986,79,89,11,7,0,0,,,,0,0
1,987,79,89,11,8,0,0,,,,0,0
1,988,79,89,11,9,0,0,,,,0,0
1,989,79,89,11,10,0,0,,,,0,0
1,990,80,96,14,1,0,1,,,,0,0
1,991,80,96,14,2,0,1,1,N,0.619,0.619,1
1,992,80,96,14,3,0,1,2,F,0.601,0.601,1
1,993,80,96,14,4,0,1,3,F,0.665,0.665,1
1,994,80,96,14,5,0,1,4,N,0.572,0.572,1
1,995,80,96,14,6,0,1,,,,0,0
1,996,80,96,14,7,0,1,5,F,0.472,0.472,1
1,997,80,96,14,8,0,1,6,F,0.561,0.561,1
1,998,80,96,14,9,0,0,7,F,0.637,0.637,1
1,999,80,96,14,10,0,0,8,F,0.627,0.627,1
1,1000,80,96,14,11,0,0,9,F,0.621,0.621,1
1,1001,80,96,14,12,0,0,10,M,0.637,0.637,1
1,1002,80,96,14,13,0,0,11,M,0.596,0.596,1
1,1003,80,96,14,14,0,0,12,F,0.591,0.591,1
1,1004,81,97,17,1,0,1,1,F,0.686,0.686,1
1,1005,81,97,17,2,0,1,2,M,0.685,0.685,1
1,1006,81,97,17,3,0,1,,N,0.229,0.229,0
1,1007,81,97,17,4,0,1,3,F,0.464,0.464,1
1,1008,81,97,17,5,0,1,4,F,0.649,0.649,1
1,1009,81,97,17,6,0,1,,,,0,0
1,1010,81,97,17,7,0,0,5,M,0.595,0.595,1
1,1011,81,97,17,8,0,0,,N,0.124,0.124,0
1,1012,81,97,17,9,0,0,6,F,0.523,0.523,1
1,1013,81,97,17,10,0,0,7,N,0.64,0.64,1
1,1014,81,97,17,11,0,0,8,M,0.618,0.618,1
1,1015,81,97,17,12,0,0,9,M,0.566,0.566,1
1,1016,81,97,17,13,0,0,10,F,0.539,0.539,1
1,1017,81,97,17,14,0,0,11,M,0.606,0.606,1
1,1018,81,97,17,15,0,0,12,M,0.585,0.585,1
1,1019,82,104,18,1,0,1,,,,0,0
1,1020,82,104,18,2,0,1,1,F,0.684,0.684,1
1,1021,82,104,18,3,0,1,2,M,0.748,0.748,1
1,1022,82,104,18,4,0,1,3,F,0.701,0.701,1
1,1023,82,104,18,5,0,1,4,M,0.484,0.484,0
1,1024,82,104,18,6,0,1,5,M,0.779,0.779,1
1,1025,82,104,18,7,0,1,,,,0,0
1,1026,82,104,18,8,0,0,6,F,0.734,0.734,1
1,1027,82,104,18,9,0,0,7,F,0.777,0.777,1
1,1028,82,104,18,10,0,0,8,M,0.893,0.893,1
1,1029,82,104,18,11,0,0,9,F,0.812,0.812,0
1,1030,82,104,18,12,0,0,10,M,0.852,0.852,1
1,1031,82,104,18,13,0,0,11,M,0.77,0.77,1
1,1032,82,104,18,14,0,0,12,F,0.734,0.734,1
1,1033,82,104,18,15,0,0,13,F,0.733,0.733,1
1,1034,82,104,18,16,0,0,14,F,0.751,0.751,1
1,1035,83,110,12,1,0,1,1,F,0.686,0.686,1
1,1036,83,110,12,2,0,1,2,F,0.762,0.762,0
1,1037,83,110,12,3,0,1,3,M,0.798,0.798,0
1,1038,83,110,12,4,0,1,4,M,0.804,0.804,0
1,1039,83,110,12,5,0,0,5,M,0.779,0.779,0
1,1040,83,110,12,6,0,0,6,M,0.731,0.731,0
1,1041,83,110,12,7,0,0,,,,0,0
1,1042,83,110,12,8,0,0,7,F,0.83,0.83,1
1,1043,83,110,12,9,0,0,8,F,0.644,0.644,1
1,1044,83,110,12,10,0,0,9,F,0.764,0.764,0
1,1045,83,110,12,11,0,0,10,F,0.75,0.75,1
1,1046,83,110,12,12,0,0,11,F,0.721,0.721,1
1,1047,84,119,13,1,0,1,1,F,0.669,0.669,0
1,1048,84,119,13,2,0,1,2,M,0.716,0.716,0
1,1049,84,119,13,3,0,1,3,M,0.717,0.717,0
1,1050,84,119,13,4,0,1,,,,0,0
1,1051,84,119,13,5,0,1,4,M,0.629,0.629,0
1,1052,84,119,13,6,0,1,5,F,0.69,0.69,0
1,1053,84,119,13,7,0,0,6,M,0.755,0.755,1
1,1054,84,119,13,8,0,0,7,F,0.663,0.663,1
1,1055,84,119,13,9,0,0,8,F,0.618,0.618,1
1,1056,84,119,13,10,0,0,9,F,0.717,0.717,1
1,1057,84,119,13,11,0,0,10,M,0.69,0.69,1
1,1058,84,119,13,12,0,0,11,F,0.675,0.675,0
1,1059,84,119,13,13,0,0,12,M,0.677,0.677,0
1,1060,85,126,14,1,0,1,1,F,0.727,0.727,0
1,1061,85,126,14,2,0,1,,,,0,0
1,1062,85,126,14,3,0,1,2,F,0.677,0.677,1
1,1063,85,126,14,4,0,1,3,F,0.623,0.623,1
1,1064,85,126,14,5,0,1,4,M,0.618,0.618,1
1,1065,85,126,14,6,0,1,5,M,0.641,0.641,1
1,1066,85,126,14,7,0,1,6,M,0.592,0.592,1
1,1067,85,126,14,8,0,0,7,F,0.768,0.768,1
1,1068,85,126,14,9,0,0,8,M,0.816,0.816,1
1,1069,85,126,14,10,0,0,9,M,0.498,0.498,0
1,1070,85,126,14,11,0,0,10,F,0.644,0.644,1
1,1071,85,126,14,12,0,0,11,M,0.743,0.743,0
1,1072,85,126,14,13,0,0,12,F,0.662,0.662,0
1,1073,86,127,16,1,0,1,1,F,0.713,0.713,0
1,1074,86,127,16,2,1,1,2,F,0.645,0.645,0
1,1075,86,127,16,3,0,1,3,F,0.411,0.411,1
1,1076,86,127,16,4,0,1,4,M,0.768,0.768,0
1,1077,86,127,16,5,0,1,5,F,0.665,0.665,0
1,1078,86,127,16,6,0,1,,,,0,0
1,1079,86,127,16,7,0,1,6,M,0.711,0.711,0
1,1080,86,127,16,8,0,1,,N,0.163,0.163,0
1,1081,86,127,16,9,0,1,7,M,0.719,0.719,0
1,1082,86,127,16,10,0,0,8,M,0.71,0.71,0
1,1083,86,127,16,11,0,0,9,F,0.722,0.722,0
1,1084,86,127,16,12,0,0,10,F,0.603,0.603,1
1,1085,86,127,16,13,0,0,11,F,0.662,0.662,0
1,1086,86,127,16,14,0,0,12,F,0.649,0.649,1
1,1087,86,127,16,15,0,0,13,M,0.614,0.614,0
1,1088,87,134,14,1,0,1,,,,0,0
1,1089,87,134,14,2,0,1,1,F,0.402,0.402,1
1,1090,87,134,14,3,0,1,2,M,0.507,0.507,1
1,1091,87,134,14,4,0,1,3,M,0.451,0.451,1
1,1092,87,134,14,5,0,1,4,M,0.517,0.517,1
1,1093,87,134,14,6,0,1,5,F,0.475,0.475,1
1,1094,87,134,14,7,0,0,6,F,0.576,0.576,1
1,1095,87,134,14,8,0,0,,,,0,0
1,1096,87,134,14,9,0,0,7,F,0.651,0.651,0
1,1097,87,134,14,10,0,0,8,F,0.618,0.618,1
1,1098,87,134,14,11,0,0,9,F,0.539,0.539,1
1,1099,87,134,14,12,0,0,,,,0,0
1,1100,87,134,14,13,0,0,,,,0,0
1,1101,87,134,14,14,0,0,10,M,0.705,0.705,1
1,1102,88,135,11,1,0,1,1,M,0.687,0.687,0
1,1103,88,135,11,2,0,1,2,M,0.847,0.847,0
1,1104,88,135,11,3,0,1,3,M,0.817,0.817,0
1,1105,88,135,11,4,0,1,4,M,0.842,0.842,0
1,1106,88,135,11,5,0,1,,,,0,0
1,1107,88,135,11,6,0,1,5,F,0.699,0.699,0
1,1108,88,135,11,7,0,0,6,M,0.838,0.838,1
1,1109,88,135,11,8,0,0,7,M,0.801,0.801,1
1,1110,88,135,11,9,0,0,8,M,0.635,0.635,0
1,1111,88,135,11,10,0,0,9,M,0.761,0.761,0
1,1112,89,142,11,1,0,1,1,F,0.696,0.696,0
1,1113,89,142,11,2,0,1,,,,0,0
1,1114,89,142,11,3,0,1,2,F,0.573,0.573,1
1,1115,89,142,11,4,0,1,,,,0,0
1,1116,89,142,11,5,0,0,3,F,0.656,0.656,1
1,1117,89,142,11,6,0,0,4,F,0.688,0.688,1
1,1118,89,142,11,7,0,0,5,M,0.689,0.689,1
1,1119,89,142,11,8,0,0,6,F,0.587,0.587,0
1,1120,89,142,11,9,0,0,7,M,0.608,0.608,0
1,1121,89,142,11,10,0,0,8,M,0.643,0.643,1
1,1122,89,142,11,11,0,0,9,M,0.618,0.618,0
1,1123,90,143,12,1,0,1,,,,0,0
1,1124,90,143,12,2,0,1,1,M,1.198,1.198,1
1,1125,90,143,12,3,0,1,,,,0,0
1,1126,90,143,12,4,0,0,2,F,0.758,0.758,0
1,1127,90,143,12,5,0,0,3,M,0.929,0.929,1
1,1128,90,143,12,6,0,0,4,M,0.93,0.93,0
1,1129,90,143,12,7,0,0,5,M,1.005,1.005,1
1,1130,90,143,12,8,0,0,6,F,0.917,0.917,1
1,1131,90,143,12,9,0,0,7,M,0.91,0.91,1
1,1132,91,150,12,1,0,1,1,M,0.733,0.733,0
1,1133,91,150,12,2,0,1,2,F,0.731,0.731,1
1,1134,91,150,12,3,0,1,3,F,0.81,0.81,1
1,1135,91,150,12,4,0,1,4,M,0.934,0.934,0
1,1136,91,150,12,5,0,1,5,M,0.785,0.785,0
1,1137,91,150,12,6,0,1,6,M,0.799,0.799,0
1,1138,91,150,12,7,0,1,7,F,0.742,0.742,0
1,1139,91,150,12,8,0,0,8,M,0.921,0.921,0
1,1140,91,150,12,9,0,0,9,M,0.957,0.957,0
1,1141,91,150,12,10,0,0,10,F,0.894,0.894,0
1,1142,91,150,12,11,1,0,11,N,0.708,0.708,0
1,1143,91,150,12,12,0,0,12,F,0.87,0.87,0
1,1144,91,150,12,13,0,0,13,F,0.791,0.791,1
1,1145,92,151,9,1,0,1,1,F,0.883,0.883,1
1,1146,92,151,9,2,0,1,,,,0,0
1,1147,92,151,9,3,0,1,2,F,0.9,0.9,0
1,1148,92,151,9,4,0,1,3,M,0.756,0.756,1
1,1149,92,151,9,5,0,1,4,F,0.776,0.776,0
1,1150,92,151,9,6,0,1,5,F,0.857,0.857,0
1,1151,92,151,9,7,0,1,,,,0,0
1,1152,92,151,9,8,0,1,6,M,0.769,0.769,0
1,1153,92,151,9,9,0,0,7,F,0.89,0.89,1
1,1154,92,151,9,10,0,0,,,,0,0
1,1155,92,151,9,11,0,0,,,,0,0
1,1156,92,151,9,12,0,0,,,,0,0
1,1157,93,156,13,1,0,1,1,F,0.811,0.811,1
1,1158,93,156,13,2,0,1,2,M,1.002,1.002,0
1,1159,93,156,13,3,0,1,3,F,0.877,0.877,0
1,1160,93,156,13,4,0,1,4,F,0.79,0.79,0
1,1161,93,156,13,5,0,1,5,F,0.902,0.902,0
1,1162,93,156,13,6,0,1,6,M,0.864,0.864,0
1,1163,93,156,13,7,0,1,7,F,0.856,0.856,0
1,1164,93,156,13,8,0,0,8,F,0.797,0.797,0
1,1165,93,156,13,9,0,0,9,F,0.839,0.839,0
1,1166,93,156,13,10,0,0,10,F,0.867,0.867,1
1,1167,93,156,13,11,0,0,11,F,0.724,0.724,0
1,1168,93,156,13,12,0,0,12,F,0.829,0.829,0